,Lai,Fapr,qc
1/1/2005,10.93099087,25.80916779,16.61248316
1/5/2005,10.74461907,25.78091603,16.81389014
1/9/2005,11.05882353,25.65639874,15.68028738
1/13/2005,7.787808711,22.46205658,16.59955097
1/17/2005,10.99242628,25.63452327,14.52525071
1/21/2005,10.48222571,25.17943422,15.19149828
1/25/2005,11.07719653,25.66359826,14.30701991
1/29/2005,9.99255351,24.79724592,15.75135459
2/2/2005,11.77072295,26.52408322,14.36611286
2/6/2005,10.02079778,25.18656638,16.42323006
2/10/2005,11.44886245,26.26615776,14.26552911
2/14/2005,10.37388864,24.66478821,15.47295315
2/18/2005,7.825744649,20.59431971,15.46690615
2/22/2005,10.725116,25.94142344,14.59973058
2/26/2005,12.48633438,26.75545577,14.23726987
3/2/2005,10.1928828,24.73695555,14.98146984
3/6/2005,10.28346804,22.91469091,14.83328843
3/10/2005,9.420573267,22.66780422,14.78132016
3/14/2005,13.73383476,26.7229756,14.44532256
3/18/2005,11.53340069,25.53627451,14.93602754
3/22/2005,6.620565784,18.48726239,15.39146834
3/26/2005,10.26948062,23.69612333,14.86759467
3/30/2005,5.429718605,15.77317018,15.89450681
4/3/2005,9.04454423,23.13347553,14.61757222
4/7/2005,11.75876366,23.40458764,14.90094297
4/11/2005,10.23293669,23.37673253,14.79006137
4/15/2005,8.582517587,21.5664197,14.64541236
4/19/2005,9.067804221,22.27593175,14.73276456
4/23/2005,6.986229606,16.88708277,15.65334531
4/27/2005,9.779883251,22.84956593,14.55189343
5/1/2005,9.8112558,21.22399341,15.06983984
5/5/2005,6.014975303,15.98282443,15.77727885
5/9/2005,4.738676845,13.9160006,15.7342314
5/13/2005,7.724390061,19.47474929,14.70642119
5/17/2005,3.175864392,11.16493788,17.91546176
5/21/2005,2.722152372,9.405919772,18.25008232
5/25/2005,4.763306391,12.56537943,16.91621015
5/29/2005,10.31066457,22.57627601,15.45247717
6/2/2005,4.797620117,13.16712319,16.34060769
6/6/2005,8.43016764,20.18505463,15.77207005
6/10/2005,3.937853615,13.48586289,16.55596468
6/14/2005,1.416980991,6.343474031,17.38961233
6/18/2005,2.175295614,9.039582398,17.52635833
6/22/2005,1.058232301,4.67662775,17.44601108
6/26/2005,2.109122886,7.720378686,17.43122287
6/30/2005,0.000202066,0.01674899,17.45750636
7/4/2005,8.344424487,17.66046251,16.54860051
7/8/2005,6.305208801,15.04949109,16.84017363
7/12/2005,0.503105822,2.223551863,17.45259692
7/16/2005,10.31673402,20.54005388,16.20517887
7/20/2005,2.048495734,8.098742703,17.51935339
7/24/2005,4.855336028,12.95150427,17.22442748
7/28/2005,4.983527915,14.19938632,16.94722347
8/1/2005,2.783453076,9.377757821,17.46989972
8/5/2005,0.287876066,1.189956593,17.45056129
8/9/2005,0.720580751,3.359055531,17.44786709
8/13/2005,4.071179464,12.993257,17.3471636
8/17/2005,3.012572968,9.320535848,17.39895225
8/21/2005,0.665424338,2.991281245,17.4549319
8/25/2005,0.476276007,2.034253854,17.4805568
8/29/2005,4.853562341,14.78186649,17.1533004
9/2/2005,9.955171382,20.8603278,16.54351145
9/6/2005,12.82421793,24.66309684,15.89229157
9/10/2005,2.880616674,9.434396048,17.36326897
9/14/2005,9.550359228,22.36157761,15.36249065
9/18/2005,13.51909894,25.71847029,15.57042359
9/22/2005,2.563201617,9.774854064,17.05385421
9/26/2005,7.644746295,18.78380482,16.45963179
9/30/2005,1.412453226,5.814346655,17.47115701
10/4/2005,12.21502021,26.67806466,15.50809759
10/8/2005,15.47138901,29.20511899,14.82682233
10/12/2005,15.11585092,31.18310882,14.70294866
10/16/2005,9.37796737,23.7102305,15.69220177
10/20/2005,0.73788355,3.376590331,17.44421494
10/24/2005,15.11796138,30.64596617,14.64978297
10/28/2005,10.10481215,25.13599012,15.32207753
11/1/2005,15.29722347,31.66138303,14.19703637
11/5/2005,15.28413411,31.50038168,14.70103278
11/9/2005,15.34322706,32.04149828,14.36156264
11/13/2005,11.3019533,28.71839545,16.08795091
11/17/2005,14.21308936,30.57204011,14.41628499
11/21/2005,12.82854363,29.20577009,16.24690915
11/25/2005,13.03839994,29.56335878,14.71210897
11/29/2005,10.52136656,27.66475079,15.78392456
12/3/2005,13.37254154,29.09977548,14.33019009
12/7/2005,12.18768897,28.54680437,15.24753779
12/11/2005,13.0628349,28.32490645,14.49220177
12/15/2005,8.307596168,25.86085915,16.19829367
12/19/2005,4.700269421,14.70149678,16.39934142
12/23/2005,11.46504266,26.99000898,15.8918126
12/27/2005,12.49348151,27.16115851,14.84927406
12/31/2005,10.53259243,25.84797934,16.26379285
1/1/2006,11.30868882,26.1395824,16.0043706
1/5/2006,12.18033229,26.11220626,15.63927556
1/9/2006,11.19774734,25.80200569,15.80056878
1/13/2006,11.08988924,25.57634336,15.94264332
1/17/2006,10.6508382,25.63208352,15.12150876
1/21/2006,11.09752283,25.73656638,14.56985481
1/25/2006,9.601549169,24.60175872,16.38694806
1/29/2006,10.64239635,25.43123035,15.16922616
2/2/2006,9.721658434,24.4021853,14.82412812
2/6/2006,9.499161802,24.05589732,14.66265529
2/10/2006,7.218844484,21.52112708,15.26675647
2/14/2006,10.87586439,25.71462356,14.89681185
2/18/2006,10.12740608,25.27543032,14.94249364
2/22/2006,12.15963928,26.46427182,14.17069301
2/26/2006,10.12789253,25.10234246,15.08588535
3/2/2006,10.05169136,23.96573118,14.91207903
3/6/2006,12.55482712,26.41067206,14.54943871
3/10/2006,6.512677743,19.1090705,14.54494836
3/14/2006,9.090226014,22.39036072,15.47923963
3/18/2006,14.36686873,27.26460111,14.186978
3/22/2006,13.58267475,26.68442598,14.24008382
3/26/2006,11.53735219,24.19518785,14.24541236
3/30/2006,8.641984733,22.02781021,14.67684478
4/3/2006,4.08887891,12.72825176,17.56569376
4/7/2006,6.414144589,16.69793444,16.86364317
4/11/2006,2.149708128,8.110941476,18.63343811
4/15/2006,4.897650052,14.2370678,16.59368358
4/19/2006,14.26861248,26.03891633,14.25942224
4/23/2006,9.20974405,22.21438407,14.64589133
4/27/2006,9.856787906,22.05203562,14.59565933
5/1/2006,7.868994163,19.6900913,15.08672354
5/5/2006,5.930369705,16.87405329,14.87028888
5/9/2006,6.967325251,18.29808412,15.68256249
5/13/2006,2.950202066,9.255867385,17.6164646
5/17/2006,11.64670708,23.5547448,14.72785511
5/21/2006,10.15528364,21.72082772,14.91028289
5/25/2006,1.15333034,4.984171531,17.45852417
5/29/2006,1.696123335,7.484081724,17.65454273
6/2/2006,1.339342913,5.782562491,17.46415207
6/6/2006,2.155470738,7.167145637,17.32710672
6/10/2006,2.742299057,9.341483311,17.51312678
6/14/2006,2.202454722,8.583086364,18.22272115
6/18/2006,4.893765903,13.37361173,17.01589582
6/22/2006,2.843429127,8.757603652,17.3559048
6/26/2006,3.965559048,12.15969166,17.17754827
6/30/2006,3.033236043,9.193122287,17.43349798
7/4/2006,0.776021554,3.492665769,17.45139949
7/8/2006,0.464683431,2.049161802,17.44601108
7/12/2006,2.934792696,9.537636581,17.17551265
7/16/2006,2.485870379,7.759190241,17.52468193
7/20/2006,3.913119294,10.82323754,17.10660081
7/24/2006,3.376133812,10.77445742,17.37033378
7/28/2006,3.68043706,9.638257746,17.07133663
8/1/2006,2.975003742,10.14362371,17.17419548
8/5/2006,6.214960335,15.07499626,16.76000599
8/9/2006,5.102282592,14.42662027,17.15425834
8/13/2006,0.617714414,2.775722197,17.45714713
8/17/2006,2.363171681,7.969158809,17.40661578
8/21/2006,1.896789403,7.281207903,17.43002545
8/25/2006,9.916052986,20.05788804,16.03245023
8/29/2006,5.443474031,16.12915731,16.98817542
9/2/2006,8.261854513,19.09913187,16.20535848
9/6/2006,7.874666966,19.09106421,16.54075737
9/10/2006,3.775699746,12.88457566,17.03888639
9/14/2006,13.17411316,26.02566233,15.78332585
9/18/2006,9.684149079,21.89673702,16.85178865
9/22/2006,4.18558599,12.49872774,17.50636132
9/26/2006,11.59684179,23.93640174,15.35608442
9/30/2006,11.8179988,25.59005388,15.53186649
10/4/2006,9.627263883,23.706975,15.36877713
10/8/2006,9.673619219,23.45933992,16.27684478
10/12/2006,6.305074091,18.16923365,16.9961383
10/16/2006,10.62152372,25.44319713,15.43840742
10/20/2006,13.92284089,30.97804969,14.5732076
10/24/2006,14.82482413,31.3151175,14.85699746
10/28/2006,1.668275707,6.901025296,17.41356084
11/1/2006,14.86438407,31.4880931,14.31145038
11/5/2006,8.335922766,24.66180213,14.78239784
11/9/2006,6.350044903,19.37593175,16.2042808
11/13/2006,15.0284164,31.06057476,14.4298159
11/17/2006,13.24012124,30.0216285,14.91070199
11/21/2006,13.22061069,29.84949858,14.34048795
11/25/2006,10.29365364,27.38929053,15.93947014
11/29/2006,12.60633139,29.05481215,15.84110163
12/3/2006,12.09869032,28.15384673,15.37063314
12/7/2006,10.55078581,26.54093699,16.77287831
12/11/2006,8.674599611,25.9649753,18.17440503
12/15/2006,11.19489597,26.80301602,15.90851669
12/19/2006,8.438811555,24.63788355,17.12330489
12/23/2006,10.32025146,25.64652747,16.17069301
12/27/2006,9.224068253,24.55904805,16.57015417
12/31/2006,10.80770094,26.06052238,17.71315671
1/1/2007,10.0080452,25.20635384,17.72165843
1/5/2007,10.18102081,25.18656638,15.71453375
1/9/2007,10.71142793,25.70897321,15.37458464
1/13/2007,8.284448436,21.98791349,18.78155965
1/17/2007,9.884448436,24.80136956,16.76264032
1/21/2007,9.974105673,24.92814698,15.43170184
1/25/2007,9.212587936,24.03408921,17.02978596
1/29/2007,6.656982488,20.41243077,15.81529711
2/2/2007,2.914795689,11.58440353,18.10854662
2/6/2007,8.035548571,22.24532256,15.62628349
2/10/2007,10.44036821,25.13551115,14.49435713
2/14/2007,10.92682233,25.84087711,14.52908247
2/18/2007,9.846108367,24.83727735,16.05783565
2/22/2007,9.465147433,24.90617423,14.45124981
2/26/2007,10.2092576,25.03666367,14.60440054
3/2/2007,10.9280946,25.77632839,14.28037719
3/6/2007,10.69580901,25.30973657,14.38670858
3/10/2007,11.86014818,25.26710822,14.32270618
3/14/2007,11.76280497,25.59945367,14.44011376
3/18/2007,10.24915432,24.11216884,15.0121838
3/22/2007,7.633004041,20.47207753,15.30710971
3/26/2007,12.6578132,26.06371052,14.22541536
3/30/2007,12.46128574,25.70883101,14.18458315
4/3/2007,6.092830415,16.57701691,15.83541386
4/7/2007,6.035645861,16.36922616,16.26912139
4/11/2007,11.79251609,23.89537494,14.63768897
4/15/2007,9.050898069,21.3335803,15.350696
4/19/2007,10.7053959,22.62922467,15.19808412
4/23/2007,4.854138602,14.32796737,16.83011525
4/27/2007,6.012333483,16.53053435,15.20706481
5/1/2007,9.000389163,21.32727885,14.54213441
5/5/2007,9.034747792,21.10780572,15.24945367
5/9/2007,5.219712618,14.87903757,16.97123185
5/13/2007,5.908359527,15.98093848,16.10980392
5/17/2007,3.221800629,10.55101033,17.68657387
5/21/2007,3.459788954,11.26744499,18.11028289
5/25/2007,4.184104176,12.18095345,17.3202814
5/29/2007,7.694095195,18.39649005,15.2960934
6/2/2007,2.160664571,8.850561293,18.53279449
6/6/2007,3.017557252,10.38876665,17.5043257
6/10/2007,0.526365814,2.448810058,17.44894477
6/14/2007,1.097522826,4.448458315,17.68214339
6/18/2007,9.463852717,20.48337824,16.66702589
6/22/2007,5.131589582,13.48549618,16.94572669
6/26/2007,4.126290974,12.50533603,17.36793893
6/30/2007,0.628169436,2.761128574,17.45852417
7/4/2007,0.154692411,0.751728783,17.4472085
7/8/2007,4.008292172,12.88789103,17.13174674
7/12/2007,8.817774285,19.01420446,16.70091304
7/16/2007,0.619742554,2.789634785,17.48025745
7/20/2007,1.177293818,4.745442299,17.49330938
7/24/2007,0.17536297,0.832517587,17.44984284
7/28/2007,2.028244275,7.823095345,17.56743003
8/1/2007,7.945898818,18.62324502,16.97165095
8/5/2007,2.551451878,8.602926209,17.47822182
8/9/2007,5.614563688,14.47138901,16.88381979
8/13/2007,0.36705583,1.585705733,17.44864541
8/17/2007,1.578169436,5.694649005,17.55395899
8/21/2007,6.359257596,16.14979793,16.39341416
8/25/2007,3.504310732,10.11290226,17.12061069
8/29/2007,5.800314324,15.23174674,17.04517288
9/2/2007,1.05939979,4.674292771,17.45600958
9/6/2007,0.260754378,1.267340219,17.4497231
9/10/2007,7.133647658,17.55291872,16.92303547
9/14/2007,10.17766053,20.70419099,16.45059123
9/18/2007,5.251564137,16.06131567,17.22173327
9/22/2007,1.363059422,5.953188145,17.41068702
9/26/2007,12.77617872,25.16838797,15.34692411
9/30/2007,12.70126478,25.87825176,16.44861548
10/4/2007,10.7759093,23.27397096,15.99119892
10/8/2007,9.273477024,21.83243526,15.73309385
10/12/2007,10.04208202,22.81135309,15.95042658
10/16/2007,9.089417752,22.69148331,16.19583895
10/20/2007,16.73390211,31.98111061,14.42502619
10/24/2007,15.51601557,31.39810657,14.46555905
10/28/2007,16.28194133,31.64773986,14.49513546
11/1/2007,10.20877863,25.73532405,15.65244724
11/5/2007,10.08036971,24.97898518,15.28669361
11/9/2007,13.9510702,30.16279749,15.23520431
11/13/2007,13.20905553,29.65154917,14.99158809
11/17/2007,12.61176471,29.28937285,14.93518934
11/21/2007,11.1257671,27.65642868,14.85633887
11/25/2007,10.64479868,27.04553959,14.69965574
11/29/2007,8.731140548,24.41115851,16.36850771
12/3/2007,8.736469091,23.7610238,16.88268223
12/7/2007,8.784575662,24.52573717,15.48624457
12/11/2007,9.363358779,24.66737015,15.11342613
12/15/2007,9.144469391,24.75429576,15.66052986
12/19/2007,9.514556204,24.6168837,16.02664272
12/23/2007,7.788931298,22.45942224,16.10866637
12/27/2007,7.013164197,21.72173327,17.19790451
12/31/2007,8.71489298,23.6277653,15.3311181
1/1/2008,8.729688669,23.61673402,15.30764856
1/5/2008,8.372354438,23.9997231,18.76180213
1/9/2008,7.851728783,22.13448586,15.99066008
1/13/2008,7.471972759,22.12555007,16.49980542
1/17/2008,8.480669062,23.11589582,16.67570723
1/21/2008,6.357521329,20.05342763,15.78015267
1/25/2008,9.093735968,23.34668463,14.55273163
1/29/2008,6.752132914,20.38630445,15.96904655
2/2/2008,8.636633737,23.25920521,15.44798683
2/6/2008,6.035189343,19.41322407,16.28845981
2/10/2008,8.55892082,23.1053959,15.13737464
2/14/2008,7.761143541,21.93614728,15.06433169
2/18/2008,8.07965125,22.27570723,14.80502919
2/22/2008,7.816038018,21.23892381,15.16437659
2/26/2008,7.423447089,21.44844335,14.5853016
3/1/2008,4.809332435,15.87335728,17.48247268
3/5/2008,6.500666068,18.05237988,15.06804371
3/9/2008,7.225116001,20.42164347,14.68935788
3/13/2008,6.994866038,19.47482413,14.37682982
3/17/2008,7.431177967,20.45387667,14.36521479
3/21/2008,2.286992965,8.791969765,17.13947014
3/25/2008,9.48380482,22.52150876,14.58392456
3/29/2008,4.961188445,14.61421943,16.18566083
4/2/2008,7.626021554,20.36163,14.80844185
4/6/2008,10.28425385,23.74563688,14.24559198
4/10/2008,6.693578806,18.60630894,14.60020955
4/14/2008,4.76770693,14.08873672,16.3259991
4/18/2008,7.70411615,20.32061069,14.61637479
4/22/2008,8.076268523,20.24401287,14.2094896
4/26/2008,7.268170932,18.90666068,14.49753031
4/30/2008,7.199461159,19.46876965,14.52998054
5/4/2008,4.117976351,11.93200868,17.56258045
5/8/2008,3.1950232,10.90918276,16.7393504
5/12/2008,6.451100135,17.58971711,15.38703787
5/16/2008,2.849079479,10.05672803,17.8609789
5/20/2008,7.369503068,18.5576261,15.6835803
5/24/2008,2.909639276,9.479868283,17.22323006
5/28/2008,4.920049394,14.14280796,17.29232151
6/1/2008,3.838355037,12.0886993,17.25879359
6/5/2008,1.324681934,5.409991019,17.73494986
6/9/2008,1.67073043,6.44351145,17.45211795
6/13/2008,4.992665769,13.92317767,17.29872774
6/17/2008,0.447433019,2.012565484,17.47031881
6/21/2008,6.309010627,14.97543032,16.79748541
6/25/2008,3.301960784,11.56545427,17.39045053
6/29/2008,0.098862446,0.567564736,17.44864541
7/3/2008,0.359624308,1.667310283,17.45080078
7/7/2008,3.799468642,11.01468343,17.36512498
7/11/2008,0.523364766,2.308464302,17.44433468
7/15/2008,0.154445442,0.852349948,17.45271666
7/19/2008,1.257828169,5.625991618,17.44008382
7/23/2008,3.30298608,9.205874869,17.23221075
7/27/2008,9.754041311,19.73393953,16.61918874
7/31/2008,9.517250412,19.49258345,16.90100284
8/4/2008,2.371665918,9.005156414,17.35626403
8/8/2008,6.477668014,15.88686574,16.93435115
8/12/2008,1.433086364,6.398570573,17.44864541
8/16/2008,0.412333483,1.87519084,17.48277204
8/20/2008,6.089971561,16.81707828,16.87926957
8/24/2008,4.040832211,12.02272863,17.51438407
8/28/2008,2.670446041,10.02691962,17.18078132
9/1/2008,7.166868732,17.97923963,16.90022452
9/5/2008,6.534515791,16.53155216,16.91674899
9/9/2008,11.72751085,24.5238587,15.82415806
9/13/2008,3.996168238,13.08747942,17.3527915
9/17/2008,7.810380183,18.90764856,16.39455171
9/21/2008,8.954984284,18.66265529,16.42484658
9/25/2008,2.902784014,8.840495435,17.02876815
9/29/2008,10.73787607,23.37120192,15.53671606
10/3/2008,8.989425236,21.58862446,15.80044903
10/7/2008,12.38929053,26.52410567,15.45942224
10/11/2008,13.7607918,29.77048346,15.39877264
10/15/2008,16.5335354,31.68848975,14.40371202
10/19/2008,14.63988175,30.94421494,14.39419249
10/23/2008,1.020745397,4.486012573,17.33518934
10/27/2008,13.6201392,29.89614579,14.64990271
10/31/2008,15.80426583,31.42444993,14.66995959
11/4/2008,15.23134261,31.11075438,14.49717108
11/8/2008,14.7346505,30.69711121,14.46394252
11/12/2008,9.064167041,26.05481215,15.21454872
11/16/2008,13.67178566,29.63352043,14.32552013
11/20/2008,13.22428529,29.31207155,14.58500225
11/24/2008,12.71094896,28.67325251,14.70510403
11/28/2008,11.42278102,27.30794043,15.42086514
12/2/2008,11.07520581,26.86192187,15.03505463
12/6/2008,9.401010328,25.03547373,17.5091154
12/10/2008,10.6599087,26.08988924,15.79362371
12/14/2008,7.449259093,24.19101931,17.72734621
12/18/2008,7.618717258,21.29222422,16.43436611
12/22/2008,7.872578955,23.15458015,16.12309535
12/26/2008,10.73635683,25.57890286,15.46289478
12/30/2008,7.100276905,23.25606945,16.90178117
1/1/2009,10.04891483,24.85647358,17.15952702
1/5/2009,8.876163748,23.37418051,17.3527915
1/9/2009,9.802312528,24.4317692,18.37563239
1/13/2009,9.527885047,24.08002545,15.89402784
1/17/2009,8.869794941,23.62913486,17.49546475
1/21/2009,10.31594821,25.14778476,14.5165095
1/25/2009,7.277226463,21.08279449,17.36985481
1/29/2009,10.28784613,25.23503966,15.08444844
2/2/2009,8.850898069,23.76096393,16.55853914
2/6/2009,10.26120341,25.35360724,14.64223919
2/10/2009,8.585383925,23.43265978,16.58368508
2/14/2009,10.2551639,25.28414908,14.38970214
2/18/2009,9.673349798,25.0060919,14.96171232
2/22/2009,10.81197426,25.81989972,14.45017213
2/26/2009,8.944761263,23.7779075,14.96985481
3/2/2009,9.314174525,23.26020805,14.98709774
3/6/2009,8.840510403,22.73741955,14.77647059
3/10/2009,8.897373148,22.89787457,14.54291274
3/14/2009,7.600396647,20.63149978,14.42101482
3/18/2009,9.163186649,22.63196378,15.00104775
3/22/2009,10.19069002,24.0865589,14.64038318
3/26/2009,9.733445592,22.85890585,14.84969316
3/30/2009,8.977218979,22.27180811,14.73420147
4/3/2009,8.44619069,20.82164347,14.74431971
4/7/2009,6.547275857,19.1351145,14.81550666
4/11/2009,11.75962431,25.23226313,14.22505613
4/15/2009,5.436020057,16.1089283,16.01802125
4/19/2009,3.123035474,11.10416854,16.11854513
4/23/2009,8.795547074,20.9839994,14.34228409
4/27/2009,5.687846131,16.32500374,14.51615028
5/1/2009,3.080968418,10.58188894,17.74231402
5/5/2009,8.053906601,20.28565335,14.50345757
5/9/2009,5.431372549,16.02866337,14.9402784
5/13/2009,5.160365215,14.56597815,16.52728633
5/17/2009,6.724472384,16.28466547,16.30145188
5/21/2009,7.777069301,18.26002095,15.81266278
5/25/2009,2.864668463,9.111547673,17.53252507
5/29/2009,4.013605748,11.53970962,16.91555156
6/2/2009,4.755687771,13.44649005,18.18129023
6/6/2009,2.106840293,6.979800928,18.06484059
6/10/2009,5.314488849,13.91699596,17.8215836
6/14/2009,4.545726688,13.33256249,16.81053734
6/18/2009,1.810859153,7.528932794,18.00017961
6/22/2009,4.847882054,12.95334531,17.38979195
6/26/2009,3.111480317,8.804527765,17.42367909
6/30/2009,0.886341865,3.645187846,17.50175123
7/4/2009,2.033647658,7.705036671,17.4407424
7/8/2009,3.079883251,9.259541985,17.58245772
7/12/2009,5.920820236,15.46238587,17.0549319
7/16/2009,5.974457417,14.38205358,16.9926059
7/20/2009,1.068006286,4.080698997,17.38308636
7/24/2009,3.898884897,11.15017961,17.57545278
7/28/2009,0.697904505,3.194155067,17.44864541
8/1/2009,2.80974405,9.650830714,17.62909744
8/5/2009,0.976807364,4.350838198,17.45774585
8/9/2009,5.139021105,13.7510253,17.37021404
8/13/2009,0.969533004,3.965701242,17.49295016
8/17/2009,3.44272564,11.25940727,17.31160006
8/21/2009,0.936334381,4.118432869,17.60017961
8/25/2009,4.079419249,11.3192561,17.22394851
8/29/2009,7.270820236,16.68980692,16.70737913
9/2/2009,5.454033827,13.44156563,17.07923963
9/6/2009,0.878985182,4.002432271,17.44876515
9/10/2009,5.144738812,13.87917976,17.04601108
9/14/2009,3.565386918,11.16313426,17.35710223
9/18/2009,7.511502769,17.43821284,16.50728933
9/22/2009,5.973836252,14.99295764,16.63259991
9/26/2009,9.782652298,21.40005987,16.11028289
9/30/2009,7.370333782,18.3354438,16.737674
10/4/2009,1.071733273,4.677114204,17.51426433
10/8/2009,14.293721,27.52852866,14.75551564
10/12/2009,13.42049094,27.49110163,14.58584044
10/16/2009,11.94712618,26.43886394,15.26220626
10/20/2009,15.24920671,29.64687921,14.40035923
10/24/2009,14.33583296,29.65907798,14.61194432
10/28/2009,13.59494088,29.2619069,14.28636432
11/1/2009,12.70735668,28.4662326,15.40631642
11/5/2009,10.31942823,26.56919623,15.4524173
11/9/2009,13.23979195,28.98831762,14.86807364
11/13/2009,12.71249065,28.40980392,14.74964826
11/17/2009,7.653053435,23.05100284,15.21502769
11/21/2009,13.52161353,28.73703038,14.84340668
11/25/2009,11.36540937,26.91496034,16.51884448
11/29/2009,11.02532555,26.52166592,14.88597515
12/3/2009,8.739934142,24.4779075,16.69815896
12/7/2009,11.27972609,26.14712618,18.62320012
12/11/2009,9.791206406,25.38300404,15.56150277
12/15/2009,9.96983236,24.44774734,18.52393354
12/19/2009,8.935099536,25.39283041,15.88331088
12/23/2009,11.44619817,26.1028364,15.38985182
12/27/2009,9.719712618,25.01457866,16.21176471
12/31/2009,11.04496333,25.55443047,15.3926059
1/1/2010,11.06532705,25.62197276,15.36895674
1/5/2010,11.11674899,25.59844335,16.18536147
1/9/2010,9.970984883,24.24706631,17.81876965
1/13/2010,8.750523874,23.10681036,15.71710822
1/17/2010,8.738594522,21.73176171,15.77775782
1/21/2010,10.73369256,25.31784912,14.57356683
1/25/2010,9.845562042,24.34393055,16.13938033
1/29/2010,9.18510702,23.74708876,15.02050591
2/2/2010,10.08016764,24.3945592,15.35817991
2/6/2010,8.802170334,23.18084868,15.39290525
2/10/2010,6.44787457,20.28543631,14.93896123
2/14/2010,6.245098039,19.84582398,15.68381979
2/18/2010,5.680107768,17.97889537,15.55126478
2/22/2010,9.032240683,23.25309085,15.2052088
2/26/2010,8.739125879,22.30234995,16.59913187
3/2/2010,8.893503966,23.02810956,15.07690465
3/6/2010,7.871748241,20.62415806,15.21281245
3/10/2010,9.281933842,22.27220476,14.33312378
3/14/2010,9.034044305,21.94905703,14.46166742
3/18/2010,10.17433767,23.01295465,14.19643766
3/22/2010,9.758883401,21.11463104,15.00422093
3/26/2010,5.597208502,17.20040413,15.70112259
3/30/2010,3.072144888,10.56270768,16.91974255
4/3/2010,2.669256099,9.85068852,16.51345607
4/7/2010,8.790645113,21.47843886,14.31941326
4/11/2010,4.567332735,12.69993264,16.95608442
4/15/2010,3.054295764,9.916105373,17.33794342
4/19/2010,2.216090406,7.676964526,17.66992965
4/23/2010,3.596617273,11.19662476,17.1212094
4/27/2010,6.533999401,16.9900913,15.81368059
5/1/2010,6.701122586,16.1787906,16.04316719
5/5/2010,4.032248166,10.89298009,17.01002844
5/9/2010,2.951923365,9.925789552,17.49001646
5/13/2010,2.779509056,9.430886095,17.19215686
5/17/2010,1.51774435,6.029763508,18.07525819
5/21/2010,1.527293818,6.138078132,17.40272414
5/25/2010,4.232577458,12.76356833,17.04247867
5/29/2010,2.55034426,8.97961383,18.82993564
6/2/2010,3.137980841,9.817168089,18.41017812
6/6/2010,1.754437958,7.360417602,17.51713815
6/10/2010,3.456226613,10.90766352,17.25897321
6/14/2010,0.829411765,3.851863493,17.41583595
6/18/2010,1.110342763,4.241655441,17.42924712
6/22/2010,3.394589133,10.4469765,17.35243227
6/26/2010,0.738167939,3.24021853,17.4861847
6/30/2010,4.355066607,11.04998503,17.19401287
7/4/2010,10.79578656,21.38507708,16.38766652
7/8/2010,9.171351594,19.68627451,16.9056728
7/12/2010,1.97436761,8.049595869,17.52408322
7/16/2010,6.997260889,16.59863793,17.06636731
7/20/2010,0.257079778,1.195142943,17.44960335
7/24/2010,6.918111061,16.25680287,16.80712468
7/28/2010,7.419383326,18.28286933,16.39533004
8/1/2010,5.86519982,14.88990421,16.87705433
8/5/2010,6.919106421,15.73259243,16.81903907
8/9/2010,10.71491543,20.94509804,16.57590181
8/13/2010,5.170625655,12.83534651,17.18616974
8/17/2010,2.032914234,7.34553959,17.32950157
8/21/2010,8.667160605,17.68926059,17.37733872
8/25/2010,2.289342913,8.436057476,17.48582548
8/29/2010,9.081552163,20.09603353,16.95500674
9/2/2010,10.63205358,21.58310882,16.15835953
9/6/2010,8.630616674,19.23597515,16.66570873
9/10/2010,3.007850621,10.90770094,17.31992217
9/14/2010,1.502387367,5.789515043,17.47941925
9/18/2010,4.263486005,12.60123485,17.00954947
9/22/2010,8.704894477,19.82758569,16.14788205
9/26/2010,8.130901063,19.92242179,16.15788056
9/30/2010,14.84040563,27.79262087,15.06828319
10/4/2010,10.41762461,22.98103577,15.34446939
10/8/2010,11.9214414,25.45348002,15.6571172
10/12/2010,14.49044305,27.24923664,15.37117198
10/16/2010,6.663179165,19.46140548,17.14036821
10/20/2010,8.449027092,20.88245023,16.3026493
10/24/2010,12.19788954,27.69375094,15.13462057
10/28/2010,15.07415058,30.11099386,14.56117348
11/1/2010,15.20622661,30.13303398,14.89459662
11/5/2010,13.60224517,29.20960934,14.87268373
11/9/2010,14.90035923,30.04550217,14.52974106
11/13/2010,13.05789552,28.33212842,14.89244125
11/17/2010,8.581290226,22.53732226,17.81475827
11/21/2010,13.88389463,28.91832061,15.21820087
11/25/2010,11.95104775,27.06938333,18.78730729
11/29/2010,13.33947762,27.74184254,15.20586739
12/3/2010,12.46683131,27.1688819,14.48250262
12/7/2010,10.400696,24.8586065,15.19730579
12/11/2010,9.655358479,24.50243975,14.93950007
12/15/2010,10.61942823,25.66667415,15.35327047
12/19/2010,11.57671756,26.06977997,14.99547972
12/23/2010,11.40425086,25.69010627,15.21197426
12/27/2010,11.46061218,25.54025595,16.05580003
12/31/2010,8.377204011,23.05617423,18.28678342
1/1/2011,8.789769496,22.83973956,17.85690765
1/5/2011,7.834036821,23.03738961,16.31671905
1/9/2011,10.61522976,24.4344634,16.3095345
1/13/2011,10.72046101,24.58807813,16.96578357
1/17/2011,11.5934441,25.50565035,14.81850022
1/21/2011,8.501908397,22.70157162,16.11459362
1/25/2011,9.99766502,24.11920371,16.06178716
1/29/2011,10.0546026,24.06803622,16.68528663
2/2/2011,9.793818291,24.16462356,14.57075288
2/6/2011,7.828281694,22.02141147,16.31624008
2/10/2011,10.67061069,25.04140847,14.25127975
2/14/2011,10.4503742,24.81136806,14.71785661
2/18/2011,8.450838198,22.45485706,15.56521479
2/22/2011,10.21589582,24.25946715,15.39937135
2/26/2011,11.36973507,25.52294567,14.25223769
3/2/2011,11.31507259,25.26359078,14.45304595
3/6/2011,11.64753779,25.14772489,14.17679988
3/10/2011,7.699109415,21.14547972,15.53024996
3/14/2011,11.54408023,24.34566682,14.42819937
3/18/2011,8.701392007,21.60735668,15.04062266
3/22/2011,8.089021105,17.81519982,15.94970813
3/26/2011,10.08774136,22.71371052,14.95087562
3/30/2011,4.462558,12.05202814,17.13270468
4/3/2011,9.934134112,22.93231552,15.03547373
4/7/2011,11.17575962,23.05402634,14.47699446
4/11/2011,8.869929651,21.94164047,14.63230055
4/15/2011,7.905807514,18.34107918,15.29723095
4/19/2011,7.355096542,18.87626852,16.17895525
4/23/2011,5.805276156,15.01161503,15.96605299
4/27/2011,8.08095345,19.88815297,15.46780422
5/1/2011,7.196564885,16.68197875,16.04634037
5/5/2011,8.06873971,19.60425834,15.33860201
5/9/2011,5.438841491,16.16177219,15.34393055
5/13/2011,4.583527915,13.28533154,17.49121389
5/17/2011,4.675377937,12.42501871,16.67732375
5/21/2011,3.08390211,10.39252357,18.60667565
5/25/2011,2.285129472,8.224038318,17.74806167
5/29/2011,4.374382577,12.87130669,17.49516539
6/2/2011,6.100755875,14.29983535,16.95692262
6/6/2011,8.686873223,18.6908846,16.21709325
6/10/2011,2.450643616,8.024681934,17.7194432
6/14/2011,1.009070498,3.97762311,17.46271516
6/18/2011,0.935877863,4.07700943,17.49450681
6/22/2011,1.125385421,4.71359078,17.5449783
6/26/2011,0.561106122,2.466636731,17.49516539
6/30/2011,0.093279449,0.625355486,17.44960335
7/4/2011,5.737434516,14.31747493,16.91195929
7/8/2011,9.623207604,19.01292471,16.55985631
7/12/2011,3.894791199,11.1267924,17.24562191
7/16/2011,1.745981141,6.743563838,17.44062266
7/20/2011,2.335608442,7.819712618,17.45612932
7/24/2011,6.689305493,16.25913037,17.21873971
7/28/2011,5.879883251,15.06644215,16.88884897
8/1/2011,0.911525221,4.192224218,17.44960335
8/5/2011,0.323664122,1.318687322,17.44960335
8/9/2011,0.165731178,0.637479419,17.44960335
8/13/2011,1.123731477,4.962370903,17.48402934
8/17/2011,5.537427032,13.51199671,17.2723245
8/21/2011,3.361839545,10.09818889,17.2281395
8/25/2011,5.875138452,15.12717408,17.26178716
8/29/2011,6.986020057,17.13203113,16.97123185
9/2/2011,5.953001048,13.14556204,16.78096093
9/6/2011,2.411989223,6.886192187,17.35835953
9/10/2011,6.631395001,16.05328544,16.77323754
9/14/2011,1.741109115,6.10264182,17.36955546
9/18/2011,7.005882353,16.00051639,17.10324802
9/22/2011,4.194604101,12.23872923,17.44828618
9/26/2011,11.91565634,24.04928903,16.2359527
9/30/2011,10.04104924,21.58569825,15.62766053
10/4/2011,8.497605149,20.18624457,16.84340668
10/8/2011,12.10206556,24.6826972,15.61454872
10/12/2011,10.80513396,24.72663523,15.64574166
10/16/2011,14.41448885,28.15017961,14.9684179
10/20/2011,9.588115552,23.36713815,15.66861248
10/24/2011,11.5348376,26.36931597,15.52659781
10/28/2011,12.79457417,28.83742703,15.83481515
11/1/2011,13.26980242,29.01924113,15.59287532
11/5/2011,11.17228708,27.26412962,16.79365364
11/9/2011,15.32224966,30.5229307,14.31905403
11/13/2011,13.44323455,28.77480168,14.8771142
11/17/2011,12.63245772,28.47897021,15.98616974
11/21/2011,11.66374046,28.15817991,16.05089059
11/25/2011,13.92322257,29.18286933,14.70522377
11/29/2011,11.85279898,27.20975902,17.88253256
12/3/2011,11.60041162,26.90886095,15.76290974
12/7/2011,10.16275258,25.92108966,16.56338871
12/11/2011,10.12768298,24.39191738,19.04948361
12/15/2011,10.22445742,25.46981739,16.106511
12/19/2011,11.79660231,26.33930549,15.1420446
12/23/2011,7.301085167,23.91271516,16.96386768
12/27/2011,5.023005538,16.8865589,15.27166592
12/31/2011,7.354654992,22.45049394,16.01826074
1/1/2012,7.207940428,22.32425535,16.05388415
1/5/2012,4.653667116,12.72564736,17.95671307
1/9/2012,10.96103128,24.84216435,15.28190391
1/13/2012,11.3530235,25.24035324,17.49576411
1/17/2012,7.220835204,21.42333483,15.43721
1/21/2012,11.31919623,25.30791798,15.15270169
1/25/2012,9.978334082,24.40166891,16.94141596
1/29/2012,11.14362371,25.36308187,16.1254902
2/2/2012,9.066172729,23.47561742,16.89753031
2/6/2012,9.445352492,23.8678117,14.55380931
2/10/2012,9.453225565,23.93679838,16.55985631
2/14/2012,10.02639575,24.35696752,17.03517438
2/18/2012,8.520984883,22.97606646,15.3648855
2/22/2012,11.11989972,25.34268822,14.18063164
2/26/2012,9.319196228,23.67960635,15.50372699
3/1/2012,10.9040488,24.78007035,14.52728633
3/5/2012,8.139582398,21.21413711,15.33734471
3/9/2012,7.334710373,19.4054408,14.75695255
3/13/2012,10.10640623,23.19487352,15.2437659
3/17/2012,7.02117198,18.11362072,15.83691064
3/21/2012,7.368245772,20.40103278,14.72390361
3/25/2012,10.64377339,22.94967819,14.26044005
3/29/2012,7.009235144,19.74794192,14.62415806
4/2/2012,6.953420147,18.79950606,14.80419099
4/6/2012,5.205919772,15.01632989,16.37928454
4/10/2012,8.395749139,18.27519832,15.41116599
4/14/2012,12.16069451,24.74672205,14.42837899
4/18/2012,8.540278401,20.54818889,14.60026942
4/22/2012,9.627578207,22.09108666,14.83873672
4/26/2012,6.107371651,16.15015716,15.71722796
4/30/2012,10.23262985,21.83991169,15.12067056
5/4/2012,10.73834007,21.50813501,14.32528065
5/8/2012,6.952484658,18.53020506,15.07600659
5/12/2012,2.987681485,9.587868583,17.51534201
5/16/2012,7.090345757,17.38610986,16.13375243
5/20/2012,3.237831163,10.42013172,17.86265529
5/24/2012,3.405672803,10.2341865,16.75485706
5/28/2012,0.782457716,3.545442299,17.54222422
6/1/2012,4.585047149,12.82438258,16.66864242
6/5/2012,9.663179165,20.30791049,15.58467295
6/9/2012,4.732165843,12.74942374,17.28968717
6/13/2012,3.719039066,12.50419847,17.1947912
6/17/2012,1.956376291,7.810679539,17.36356833
6/21/2012,1.974509804,6.907147134,17.53258494
6/25/2012,3.827286334,10.85499925,18.19320461
6/29/2012,4.375108517,13.53625954,17.64143092
7/3/2012,3.397889537,10.44676695,17.31764706
7/7/2012,2.189747044,7.404617572,17.50055381
7/11/2012,2.204430474,7.964436462,17.53444095
7/15/2012,0.615484209,2.787591678,17.45672803
7/19/2012,4.725774585,12.89226912,17.22885796
7/23/2012,2.286693609,8.185743152,17.42314025
7/27/2012,1.47354438,5.104722347,17.59018111
7/31/2012,3.582173327,11.13417902,17.21341117
8/4/2012,3.174217931,9.541752732,17.27867086
8/8/2012,1.945786559,7.268163449,17.35045652
8/12/2012,1.900703488,5.991715312,17.37697949
8/16/2012,6.023125281,16.35845682,17.10318815
8/20/2012,2.856675647,9.749146834,17.47127675
8/24/2012,4.462812453,12.09506062,17.21526718
8/28/2012,6.425512648,15.52611884,17.07552762
9/1/2012,3.578685825,11.36956294,17.3467445
9/5/2012,8.98843736,18.25755875,16.00053884
9/9/2012,2.848682832,8.831941326,17.24801676
9/13/2012,1.992837899,7.276021554,17.78841491
9/17/2012,5.758015267,15.78896872,16.66109864
9/21/2012,11.40229008,23.44253106,15.84253854
9/25/2012,10.42923215,22.53045203,15.95204311
9/29/2012,10.38652896,23.16150277,16.11932345
10/3/2012,2.358494237,8.238377488,17.22137405
10/7/2012,10.14244874,22.74849573,16.118605
10/11/2012,9.193436611,21.76885197,15.71219877
10/15/2012,11.31448885,26.01044754,15.86570873
10/19/2012,15.78625206,30.99757521,14.27307289
10/23/2012,14.44400539,30.44163299,15.68591528
10/27/2012,15.38232301,31.04487352,14.30229008
10/31/2012,11.26942075,26.38325849,15.49372848
11/4/2012,6.393758419,16.05906301,16.46873223
11/8/2012,13.59791947,29.70343511,15.54515791
11/12/2012,14.78526418,30.43319114,14.50914534
11/16/2012,11.31114354,28.44467894,15.17209999
11/20/2012,13.50719204,28.94656489,14.63607244
11/24/2012,12.59333184,28.43089358,16.74545727
11/28/2012,12.93417902,28.11808113,15.05954198
12/2/2012,9.841438407,26.12483161,15.79152821
12/6/2012,12.89895974,27.80148181,15.18275707
12/10/2012,11.0720925,26.1878611,16.30875617
12/14/2012,12.14910941,26.48909594,17.27202515
12/18/2012,8.958599012,24.86141296,15.60377189
12/22/2012,12.22216734,26.75413112,14.94542733
12/26/2012,9.866801377,24.69923664,16.33072893
12/30/2012,12.22550516,26.25205059,15.52144888
1/1/2013,9.918290675,23.85693758,18.21859003
1/5/2013,8.940764856,22.91326897,18.04580153
1/9/2013,11.76290974,25.37442,17.706511
1/13/2013,8.867160605,22.33509954,18.96117348
1/17/2013,9.639230654,23.73471037,16.23643167
1/21/2013,10.39050292,24.91496034,14.6046999
1/25/2013,11.59297261,25.62199521,14.95734172
1/29/2013,9.231133064,23.75441551,16.49148331
2/2/2013,9.242568478,23.42777279,17.30022452
2/6/2013,9.393474031,23.96885945,14.66977997
2/10/2013,11.1675348,25.22875318,14.60182607
2/14/2013,9.164129621,23.69201467,14.86484059
2/18/2013,10.80171382,24.72662027,15.76458614
2/22/2013,10.11629996,24.80578506,14.21439904
2/26/2013,11.13132016,25.2274884,14.24122137
3/2/2013,11.56049244,25.43935788,14.41053734
3/6/2013,10.59393803,24.58039216,14.29295016
3/10/2013,8.749753031,21.51769945,14.94554707
3/14/2013,10.2026044,23.0716285,15.12276605
3/18/2013,13.34937135,25.84591379,14.28504715
3/22/2013,8.987763808,22.19985032,15.01912887
3/26/2013,11.19565185,24.13299656,14.30468493
3/30/2013,9.430788804,22.58820536,14.81879958
4/3/2013,13.31244574,25.64000898,14.2328394
4/7/2013,10.69055531,23.24641521,14.23188145
4/11/2013,9.111809609,21.2831163,14.43245023
4/15/2013,10.81476575,22.09135608,14.79329442
4/19/2013,5.322661278,14.04991019,16.67217482
4/23/2013,9.327817692,21.72885047,15.40152672
4/27/2013,5.551257297,16.22628349,15.59592875
5/1/2013,7.994207454,20.11337375,14.93129771
5/5/2013,2.625310582,7.812752582,17.78146984
5/9/2013,1.618866936,6.051122586,18.89543482
5/13/2013,4.195247717,11.77450232,17.36722048
5/17/2013,2.990577758,9.484470888,18.40532854
5/21/2013,0.893047448,4.174210448,17.50845682
5/25/2013,0.694866038,2.791707828,17.48271217
5/29/2013,1.858352043,6.116516988,17.54108666
6/2/2013,9.039544978,19.8024173,16.61002844
6/6/2013,1.813815297,6.515050142,17.66346355
6/10/2013,4.60199072,11.30387667,17.50127226
6/14/2013,6.503958988,15.28289178,16.27175573
6/18/2013,5.870423589,15.44603353,16.99116899
6/22/2013,7.61791648,16.82915731,16.97913486
6/26/2013,0.207117198,1.045479719,17.44960335
6/30/2013,1.481671905,5.867168089,17.47858105
7/4/2013,6.031177967,14.59967071,16.91285736
7/8/2013,8.586416704,18.77455471,16.86460111
7/12/2013,7.011091154,15.47261637,16.77431522
7/16/2013,6.608464302,16.26719054,17.27412064
7/20/2013,6.27831163,15.95832959,17.14785212
7/24/2013,2.715776081,7.890113755,17.44529262
7/28/2013,3.21091154,8.254707379,17.40685526
8/1/2013,4.785713217,12.92973357,17.15677294
8/5/2013,3.255553061,9.911974255,17.34141596
8/9/2013,2.18489747,8.040398144,17.50157162
8/13/2013,9.820281395,19.62000449,16.71534201
8/17/2013,0.418380482,1.97103727,17.44960335
8/21/2013,7.760642119,17.05809011,16.61829068
8/25/2013,7.002499626,16.16009579,16.53105822
8/29/2013,3.458494237,9.938953749,17.09372848
9/2/2013,1.456907649,6.595577009,17.42541536
9/6/2013,1.288317617,5.796983984,17.46175722
9/10/2013,8.464211944,20.14964077,16.58099087
9/14/2013,9.901324652,22.62969615,15.7982338
9/18/2013,10.95756623,22.33798833,15.68926807
9/22/2013,15.32681485,28.22897021,15.02056578
9/26/2013,5.650800778,14.56365814,17.51989223
9/30/2013,9.616277503,22.74118395,15.49582398
10/4/2013,0.991917378,4.512378386,17.49666218
10/8/2013,13.39271067,27.77918725,15.32405329
10/12/2013,7.106189193,18.85101033,16.4068852
10/16/2013,11.07606646,26.05511151,15.55431822
10/20/2013,7.923020506,20.61793145,16.20613681
10/24/2013,2.412243676,8.56853016,17.40212543
10/28/2013,16.32188295,32.12422542,14.37419548
11/1/2013,14.61121838,30.59987277,15.45086065
11/5/2013,13.35672055,29.97508606,15.09450681
11/9/2013,14.73773387,31.02161353,14.72797485
11/13/2013,15.06867235,30.81843287,14.62110463
11/17/2013,14.07117198,29.80803772,14.49549469
11/21/2013,12.47881305,28.06874719,14.87914983
11/25/2013,11.22578955,26.74803173,16.34994761
11/29/2013,12.50448286,27.93984433,15.70136207
12/3/2013,12.06956294,27.2610238,15.3113007
12/7/2013,8.786252058,24.79520281,16.20691513
12/11/2013,12.16934591,27.0351145,16.13494986
12/15/2013,11.79550217,26.94774734,16.51537195
12/19/2013,10.7837225,25.43197126,17.3454872
12/23/2013,11.58105822,25.98068403,17.28124532
12/27/2013,12.11829068,26.28758419,17.28250262
12/31/2013,11.81748241,25.95847179,17.89133363
1/1/2014,11.80746894,25.93200868,17.89773986
1/5/2014,10.91641221,25.39473133,16.9515342
1/9/2014,10.94684179,25.18447837,15.26430175
1/13/2014,8.447433019,22.40981141,17.18700793
1/17/2014,10.75350247,25.06698847,15.96252058
1/21/2014,11.43602754,25.661862,15.63340817
1/25/2014,10.8178117,25.32202515,14.4887891
1/29/2014,8.58476276,23.1761413,16.42257147
2/2/2014,10.99226912,25.50070349,14.45101033
2/6/2014,10.21522227,24.74357132,15.45151923
2/10/2014,10.67552762,25.08391708,15.14479868
2/14/2014,7.859803922,21.72062565,17.21191438
2/18/2014,11.43192636,25.91973507,14.33354288
2/22/2014,10.50572519,24.77748092,16.71839545
2/26/2014,11.44536746,25.54789702,14.43256997
3/2/2014,9.978745697,24.12827421,15.32016165
3/6/2014,13.09599611,25.65835953,14.36569376
3/10/2014,10.17834905,23.61522227,15.44864541
3/14/2014,13.11771441,25.67390361,14.23571322
3/18/2014,7.547994312,20.62272115,15.06606795
3/22/2014,10.06697351,23.1963254,14.82927705
3/26/2014,13.13272714,25.92386619,15.13737464
3/30/2014,11.82810956,24.68035474,14.25834456
4/3/2014,8.65459512,21.73322856,15.20119743
4/7/2014,5.790472983,16.25597216,15.99568927
4/11/2014,11.02964377,24.1707454,14.98248765
4/15/2014,10.99123634,23.23783116,14.2749289
4/19/2014,8.485496183,20.83247268,14.30211046
4/23/2014,10.3701841,22.73631941,14.40969915
4/27/2014,9.292314025,21.4238587,14.50321808
5/1/2014,4.906293968,13.53607993,16.92429277
5/5/2014,8.048375992,19.33913336,16.02843886
5/9/2014,7.413777878,17.93241281,15.93839246
5/13/2014,10.13043706,22.03914833,15.0267924
5/17/2014,6.541034276,16.77050591,16.08064661
5/21/2014,6.869765005,18.05422841,15.29309984
5/25/2014,3.358060171,10.10949708,17.46193684
5/29/2014,7.420109265,17.79815896,15.70232001
6/2/2014,6.340809759,14.45532854,16.92890286
6/6/2014,5.114182009,13.83584793,17.58060171
6/10/2014,3.072459213,9.9831163,16.79640772
6/14/2014,2.667063314,9.09454423,17.80799282
6/18/2014,0.329733573,1.461442898,17.44960335
6/22/2014,0.153599761,0.705044155,17.44421494
6/26/2014,1.145786559,4.936573866,17.43487502
6/30/2014,0.893848226,3.725961682,17.43038467
7/4/2014,3.674479868,11.46804371,17.51767699
7/8/2014,6.261659931,15.04473133,17.05600958
7/12/2014,4.665469241,12.75303847,17.3060919
7/16/2014,2.00974405,7.675752133,17.43691064
7/20/2014,1.299700644,4.936469091,17.53186649
7/24/2014,8.135473731,16.82155366,16.74569675
7/28/2014,3.755515641,10.61327646,17.03020506
8/1/2014,3.290817243,10.59873522,17.51624008
8/5/2014,1.497777279,6.191011825,17.44427481
8/9/2014,4.392770543,12.17108966,17.1835354
8/13/2014,0.10476725,0.591850022,17.44960335
8/17/2014,2.657663523,9.536596318,17.49612333
8/21/2014,2.881911391,8.008726239,17.23741955
8/25/2014,3.773776381,11.26029038,17.39374345
8/29/2014,2.704363119,9.544746295,17.4094896
9/2/2014,10.48060919,21.96542434,16.14608592
9/6/2014,6.508868433,16.93820536,16.36695106
9/10/2014,8.625999102,19.71754228,16.22481664
9/14/2014,12.35817243,24.50996108,15.90019458
9/18/2014,10.72067804,22.65913785,16.6488849
9/22/2014,7.526657686,18.17367909,16.44759767
9/26/2014,12.6876291,27.35657087,15.54569675
9/30/2014,14.49582398,28.25928753,15.0497231
10/4/2014,15.34578656,29.83131268,15.049304
10/8/2014,15.14348151,29.37207753,14.6238587
10/12/2014,7.515499177,17.40356234,16.35509654
10/16/2014,12.60181859,27.69336926,14.70097291
10/20/2014,15.55887592,31.63408921,14.30336776
10/24/2014,12.99381829,29.10527616,14.54740308
10/28/2014,13.72515342,30.08112558,15.28034725
11/1/2014,15.62822182,31.63685077,14.59985032
11/5/2014,11.3818141,27.66867984,14.80299356
11/9/2014,13.3290675,29.36469091,14.87370154
11/13/2014,12.02921718,28.42858105,15.48378985
11/17/2014,11.99935638,28.21407723,15.78434366
11/21/2014,11.96363568,27.83465799,17.24340668
11/25/2014,12.40453525,27.84070498,16.21912887
11/29/2014,9.385099536,24.87229457,17.30669062
12/3/2014,10.60814998,26.31426433,15.88384972
12/7/2014,9.943017512,25.24848825,18.37491394
12/11/2014,11.67549768,26.40365215,14.8514893
12/15/2014,9.587247418,25.2348376,16.04406526
12/19/2014,11.01389014,26.40783565,15.04463404
12/23/2014,10.28703038,25.80373447,16.93848226
12/27/2014,10.79119144,25.32715162,15.30202066
12/31/2014,6.280706481,18.46168987,16.59709624
1/1/2015,7.093945517,20.24059273,16.71007334
1/5/2015,11.29144589,25.78527915,16.03017512
1/9/2015,9.718672354,24.92738363,16.2376291
1/13/2015,10.82628349,25.5102305,15.09708128
1/17/2015,10.02376141,24.75669062,16.02221224
1/21/2015,11.20156414,25.71844035,16.32312528
1/25/2015,8.492291573,23.27210747,16.2805568
1/29/2015,10.93403682,25.56459362,14.95339021
2/2/2015,10.1636282,24.80613681,16.13459063
2/6/2015,9.82117198,24.30992366,16.90381679
2/10/2015,7.706511001,21.99238138,15.83673103
2/14/2015,10.4017213,25.06120341,14.77323754
2/18/2015,10.12149379,24.87622362,15.94503817
2/22/2015,11.07341715,25.56552911,14.54584643
2/26/2015,9.417070798,23.7800928,16.56674151
3/2/2015,12.09030085,25.9216734,14.25606945
3/6/2015,11.72496632,25.71114354,14.57075288
3/10/2015,12.9151624,26.09266577,14.18039216
3/14/2015,8.578124532,22.12951654,15.20005987
3/18/2015,12.57421793,25.64372848,14.27163598
3/22/2015,10.19699895,23.48194881,15.0407424
3/26/2015,11.25109265,24.04390061,14.76802874
3/30/2015,6.747171082,18.50826972,16.3433019
4/3/2015,6.005874869,15.21475827,16.16781919
4/7/2015,9.290704984,21.95851669,15.01841042
4/11/2015,6.650935489,17.95044155,16.47100733
4/15/2015,5.855904805,16.20394402,15.91576111
4/19/2015,4.222893279,12.38975453,16.6259542
4/23/2015,5.515746146,15.3294417,16.92165843
4/27/2015,7.748076635,18.50210298,15.49929651
5/1/2015,5.411764706,15.11962281,15.61760216
5/5/2015,3.1406975,10.29383326,16.46292471
5/9/2015,3.82004191,11.34168538,17.37889537
5/13/2015,5.108628948,13.78405179,17.63400689
5/17/2015,6.88640922,17.62924712,16.32480168
5/21/2015,2.569024098,9.115110013,17.53994911
5/25/2015,3.7950232,11.81847777,17.24651998
5/29/2015,5.250681036,13.43157461,17.15084568
6/2/2015,8.106787906,19.57681485,16.20883101
6/6/2015,4.526650202,12.34726089,17.47738363
6/10/2015,1.468021254,5.6818141,17.65891334
6/14/2015,0.799431223,3.608658883,17.54491843
6/18/2015,5.748667864,14.4727885,17.22706182
6/22/2015,0.018432869,0.198772639,17.44960335
6/26/2015,0.330032929,1.567699446,17.46983984
6/30/2015,1.379509056,4.915401886,17.51552163
7/4/2015,2.020797785,7.105740159,17.95342015
7/8/2015,1.22519084,4.578386469,17.62748092
7/12/2015,3.329149828,9.895823978,17.63322856
7/16/2015,0.478341566,2.055410867,17.44960335
7/20/2015,0.785466248,3.247994312,17.47965873
7/24/2015,0.091737764,0.497769795,17.45397396
7/28/2015,0.996235593,4.204385571,17.48187397
8/1/2015,2.962992067,9.120124233,17.48822033
8/5/2015,3.287838647,9.732584942,17.49929651
8/9/2015,6.847537794,16.49917677,16.86813351
8/13/2015,6.205253705,14.50832211,16.91507259
8/17/2015,0.771965275,3.44406526,17.45373447
8/21/2015,2.738370004,8.750965424,17.58946266
8/25/2015,2.710746894,9.015835953,17.45068104
8/29/2015,1.392216734,5.254101182,17.52025146
9/2/2015,4.110866637,11.18533902,17.34997755
9/6/2015,5.603719503,15.1013471,16.77880557
9/10/2015,10.48596767,20.97953899,16.7814399
9/14/2015,5.338070648,15.51625505,17.09073492
9/18/2015,0.817624607,3.587195031,17.45672803
9/22/2015,6.325512648,16.00301602,16.02640323
9/26/2015,15.89786709,29.11445143,14.60751385
9/30/2015,11.1142793,24.50830714,15.863254
10/4/2015,5.684171531,16.37589433,16.70468493
10/8/2015,7.956989972,20.85388415,17.03601257
10/12/2015,14.11208651,28.43236791,14.88010777
10/16/2015,13.03599012,28.03957491,15.45475228
10/20/2015,12.76491543,28.24235893,15.47528813
10/24/2015,12.82275109,29.65850921,15.2498129
10/28/2015,14.51053734,30.61796138,14.42574465
11/1/2015,13.54144589,28.91894178,15.23197126
11/5/2015,15.4887891,31.58214339,14.7714414
11/9/2015,13.19623559,29.81369555,15.25909295
11/13/2015,13.65204311,29.96609789,16.24092202
11/17/2015,12.80898818,28.94797186,15.59419249
11/21/2015,13.9278626,29.98506212,14.3268373
11/25/2015,10.38753181,26.9675348,16.39503068
11/29/2015,11.30155665,26.49056279,17.61406975
12/3/2015,9.300067355,24.88462057,17.48331088
12/7/2015,11.69601856,26.78984433,18.18182907
12/11/2015,6.391610537,18.29082473,18.41909894
12/15/2015,7.746145787,20.14085466,18.53488999
12/19/2015,9.08043706,24.75700494,16.96159258
12/23/2015,11.02452477,25.88432869,17.58072145
12/27/2015,7.242523574,22.68066158,17.36213142
12/31/2015,9.594402036,24.06659931,17.20951953
1/1/2016,9.67038617,24.26852268,17.12138901
1/5/2016,7.239574914,21.29080976,17.13036971
1/9/2016,10.7019533,25.31796887,15.6775333
1/13/2016,8.728648406,23.39362371,18.60212543
1/17/2016,7.501309684,21.29807664,18.79365364
1/21/2016,10.16371052,25.03825026,15.47882054
1/25/2016,10.86150277,25.46215387,14.6943272
1/29/2016,8.421299207,23.1617198,16.52692711
2/2/2016,8.833535399,23.24957342,17.00290376
2/6/2016,6.97419548,21.12965125,17.70441551
2/10/2016,7.417632091,21.39898967,17.99634785
2/14/2016,8.260963928,23.1107918,15.75458764
2/18/2016,9.317714414,24.21221374,14.23104326
2/26/2016,7.122526568,18.70954947,15.73387217
3/1/2016,11.5924188,25.224884,14.74396048
3/5/2016,9.075759617,23.18390211,16.03053435
3/9/2016,6.995075587,19.39636282,15.33081874
3/13/2016,11.82713666,25.41770693,14.47663523
3/17/2016,9.914137105,23.94529262,15.27154618
3/21/2016,11.1350696,24.22069301,14.43041461
3/25/2016,8.302245173,21.75713217,14.90519383
3/29/2016,2.773566831,9.578259243,18.21110612
4/2/2016,2.317512348,7.662266128,18.3674899
4/6/2016,11.70848675,24.52474181,14.97590181
4/10/2016,9.168560096,22.5202814,14.57452477
4/14/2016,5.963059422,15.02239186,15.71962281
4/18/2016,8.391363568,20.99838348,15.02325999
4/22/2016,6.177233947,17.03956743,14.86891184
4/26/2016,4.818986679,13.74351893,16.88124532
4/30/2016,6.559407274,17.15446041,15.18473282
5/4/2016,7.047373148,18.00193833,16.22068553
5/8/2016,7.213942524,18.99791947,15.45708726
5/12/2016,6.231963778,15.99210448,16.69714115
5/16/2016,4.261113606,13.54030085,17.52504116
5/20/2016,4.353667116,12.65678791,17.14910941
5/24/2016,3.437314773,10.26798383,17.51875468
5/28/2016,4.863912588,13.21600808,17.31950307
6/1/2016,6.447380632,14.87956144,16.73953001
6/5/2016,3.458554109,10.44349648,17.25609939
6/9/2016,3.854138602,10.22834157,17.15342015
6/13/2016,3.406975004,10.51663673,17.25490196
6/17/2016,5.881335129,15.17295315,16.86717557
6/21/2016,6.588751684,16.84423739,16.9873971
6/25/2016,10.73910343,22.15870379,16.63188145
6/29/2016,5.665439305,14.58117797,17.38326598
7/3/2016,0.008733722,0.096647209,17.44960335
7/7/2016,2.071022302,7.379209699,17.4886993
7/11/2016,0.878842988,3.293024996,17.4745098
7/15/2016,0.203143242,0.922257147,17.44960335
7/19/2016,1.341625505,5.774786709,17.48199371
7/23/2016,0.778236791,3.553113306,17.45020207
7/27/2016,7.125916779,16.94262087,16.80017961
7/31/2016,4.825572519,12.77347702,17.17048346
8/4/2016,3.890794791,12.85333034,17.00799282
8/8/2016,0.624434965,2.746849274,17.42278102
8/12/2016,4.78424637,12.40715462,17.60928005
8/16/2016,3.286865739,10.41133064,17.28837
8/20/2016,11.64598114,20.92206257,16.10178117
8/24/2016,10.287674,20.96716809,16.49196228
8/28/2016,3.860649603,11.5433468,17.08199371
9/1/2016,1.75315821,6.965933244,17.32459213
9/5/2016,9.418170932,20.73535399,16.53159707
9/9/2016,8.234149079,18.62754827,16.65349499
9/13/2016,7.393915581,17.93931298,16.77988325
9/17/2016,8.254565185,19.05290376,16.29187247
9/21/2016,10.16460111,21.48518934,16.49256099
9/25/2016,6.190959437,16.6153944,16.94734321
9/29/2016,10.73093848,23.00132465,16.16769945
10/3/2016,4.165835953,13.43959737,16.98877414
10/7/2016,7.265963179,18.40890585,16.69295016
10/11/2016,6.316389762,16.94916929,16.67271367
10/15/2016,17.3900015,32.19438707,14.26810358
10/19/2016,16.41543182,31.87504865,14.94949858
10/23/2016,15.54329442,31.1453001,14.48435863
10/27/2016,11.65543332,25.6156264,15.47103727
10/31/2016,11.28392456,26.40229008,15.39494088
11/4/2016,10.07877563,27.10898069,14.3839545
11/8/2016,15.48090855,31.53067655,16.04083221
11/12/2016,14.14536746,30.38211346,15.14623559
11/16/2016,14.41227361,30.56528963,14.39383326
11/20/2016,13.15741655,29.20508157,15.78182907
11/24/2016,12.76007334,28.56812603,19.49079479
11/28/2016,12.09982039,28.13960485,15.42056578
12/2/2016,12.48798833,28.01085915,14.9459063
12/6/2016,12.24192486,28.39642269,15.23963479
12/10/2016,13.28344559,28.06031283,14.98105074
12/14/2016,10.35456518,26.39039066,16.43915581
12/18/2016,11.22556504,25.84405029,18.23750935
12/22/2016,6.920049394,21.44814399,19.14078731
12/26/2016,10.4791648,25.45447538,17.71303697
12/30/2016,10.61096393,25.65198324,15.4351145
1/1/2017,11.48296662,26.23948511,15.96970513
1/5/2017,9.344649005,25.36266278,16.39946116
1/9/2017,11.25355486,26.00882353,15.93378237
1/13/2017,10.87329741,25.89222422,17.35596468
1/17/2017,11.5887442,25.9839545,14.5454872
1/21/2017,9.466082922,24.19127376,15.97892531
1/25/2017,9.994566682,24.56103877,14.7983236
1/29/2017,11.77212244,26.33816046,15.06834306
2/2/2017,11.0724667,25.88319862,14.46531956
2/6/2017,9.71328394,24.4635833,17.08798084
2/10/2017,9.441999701,24.12793743,16.6761862
2/14/2017,8.278319114,22.75844185,18.08621464
2/18/2017,8.88878162,23.23054184,16.47052836
2/22/2017,8.121179464,21.88586289,16.19847328
2/26/2017,10.90745397,25.67374645,14.23080377
3/2/2017,11.12903757,25.42894776,14.68636432
3/6/2017,6.245075587,15.90800778,16.74605598
3/10/2017,7.41091154,20.73774136,15.50857656
3/14/2017,13.21701093,26.3987427,14.2519982
3/18/2017,11.57117198,25.24875767,15.30968418
3/22/2017,12.7863718,25.75522377,14.70875617
3/26/2017,3.72930699,11.77974854,18.18512199
3/30/2017,3.888474779,12.34938632,17.11917378
4/3/2017,3.773065409,10.74040563,16.38898369
4/7/2017,5.979157312,15.84013621,16.7082772
4/11/2017,10.09312977,23.46071696,14.35593474
4/15/2017,12.53793594,24.62409819,14.58817542
4/19/2017,4.769937135,13.42908247,17.53126777
4/23/2017,2.133991917,8.164563688,18.15147433
4/27/2017,6.277772789,16.64030085,16.22792995
5/1/2017,5.436506511,13.66823829,16.83957491
5/5/2017,10.03592277,21.51752732,15.88019758
5/9/2017,10.14435713,20.03044454,14.9406975
5/13/2017,5.245374944,15.03154468,16.57272863
5/17/2017,5.682405329,13.9340443,16.11585092
5/21/2017,9.541400988,21.22897021,15.29208202
5/25/2017,6.078977698,15.43679838,16.82766053
5/29/2017,0.946849274,4.284650501,17.58012274
6/2/2017,3.065686275,9.7324652,17.10905553
6/6/2017,6.375183356,16.11587337,17.22658285
6/10/2017,1.55267924,6.017474929,17.48187397
6/14/2017,2.655672803,8.867676994,17.70249963
6/18/2017,0.906376291,4.197201018,17.45990121
6/22/2017,3.924764257,11.32611136,17.45385421
6/26/2017,5.444723844,15.18486753,16.97769795
6/30/2017,0.577323754,2.723536896,17.45062116
7/4/2017,0.566419698,2.579688669,17.47468942
7/8/2017,1.718994163,6.957079778,17.45541087
7/12/2017,6.32766053,15.20022452,17.03325849
7/16/2017,3.785226762,11.09665469,17.39057027
7/20/2017,0.018372998,0.19735818,17.45223769
7/24/2017,0.583041461,2.476754977,17.57395599
7/28/2017,4.599977548,13.20716959,17.1259991
8/1/2017,1.324015866,5.242493639,17.51707828
8/5/2017,0.883572818,4.056653196,17.45834456
8/9/2017,6.078745697,14.83206107,16.94812154
8/13/2017,0.727256399,3.2768373,17.44924413
8/17/2017,9.370169136,18.91978746,16.56512498
8/21/2017,8.973125281,18.86804371,16.4627451
8/25/2017,5.687539291,15.05156414,17.49558449
8/29/2017,5.236491543,13.79455171,17.36985481
9/2/2017,3.509549469,10.56052238,17.28813052
9/6/2017,6.083325849,16.09760515,16.63726987
9/10/2017,2.524053285,9.403113306,17.40170633
9/14/2017,11.05641371,23.53120042,16.26786409
9/18/2017,3.919286035,12.21442898,17.19730579
9/22/2017,11.22319264,24.77345457,15.67471935
9/26/2017,1.852155366,7.321785661,17.38799581
9/30/2017,5.063500973,13.79994761,16.9108816
10/4/2017,6.035151923,16.26933094,16.60607693
10/8/2017,11.99036821,25.55736417,15.0255351
10/12/2017,15.05062865,29.8392082,15.31321658
10/16/2017,13.36950307,27.46334381,15.08319114
10/20/2017,16.4202814,31.41333633,15.04589133
10/24/2017,14.22150127,28.79500823,15.88049693
10/28/2017,15.01696602,31.02504865,15.71644963
11/1/2017,15.77757821,31.6235818,14.45939231
11/5/2017,16.5898593,32.09048795,14.7112109
11/9/2017,16.71912139,32.1510253,14.39365364
11/13/2017,15.331859,30.94423739,14.31300703
11/17/2017,15.08011525,30.60853166,14.35365963
11/21/2017,12.29475378,29.33001048,16.02137405
11/25/2017,14.62537794,29.94786709,15.49480617
11/29/2017,13.18931298,29.17598413,16.75605448
12/3/2017,13.13763658,28.12117198,14.85166891
12/7/2017,1.405702739,5.953584793,17.17509355
12/11/2017,12.09071995,26.77537794,16.75276156
12/15/2017,13.08222571,28.12209999,16.08112558
12/19/2017,12.48900614,26.76658434,15.21634486
12/23/2017,9.405350995,25.3699072,16.41664421
12/27/2017,12.45612932,27.21347104,15.05630894
12/31/2017,12.40446789,26.67831911,15.12546026
1/1/2018,9.373536896,24.54625805,16.05370454
1/5/2018,13.05932495,26.90022452,15.12108966
1/9/2018,11.24729831,26.01778925,17.09636282
1/13/2018,11.05434067,25.15990121,17.82775034
1/17/2018,9.299371352,24.32929951,17.18138003
1/21/2018,11.2532555,25.76264781,14.83280946
1/25/2018,10.89640024,25.20960934,16.16356833
1/29/2018,12.19491094,26.12846131,16.28558599
2/2/2018,9.122189792,23.61364317,16.50507409
2/6/2018,8.542568478,22.11028289,17.9506062
2/10/2018,7.357596168,19.48462057,16.02963628
2/14/2018,11.92299805,26.23848975,15.24891483
2/18/2018,8.351698847,22.2138602,15.6073043
2/22/2018,11.87388864,25.95442299,14.35365963
2/26/2018,10.00105523,24.57271367,15.48893878
3/2/2018,11.4179539,25.59848077,15.08229307
3/6/2018,11.43033977,25.11220626,14.89094447
3/10/2018,12.76924862,26.09813651,14.20002994
3/14/2018,10.56573118,24.93340069,15.27998803
3/18/2018,13.15512648,26.48647658,14.2424188
3/22/2018,6.797590181,19.52275857,15.50013471
3/26/2018,7.501444395,18.21070199,16.26373297
3/30/2018,7.018275707,19.98382727,15.32656788
4/3/2018,12.97846131,25.97601407,14.55817991
4/7/2018,7.514571172,20.0099536,15.91001347
4/11/2018,11.33187397,23.70642119,15.0215836
4/15/2018,10.92798234,24.29377339,15.03547373
4/19/2018,4.386820835,13.26075438,17.02816944
4/23/2018,4.236513995,13.16080677,16.30097291
4/27/2018,4.336356833,13.24137105,16.34443946
5/1/2018,7.349925161,17.89558449,15.91911391
5/5/2018,2.284440952,7.995307589,18.1671606
5/9/2018,4.131627002,12.17698698,17.05756623
5/13/2018,3.473057925,11.04051789,16.66175722
5/17/2018,7.305777578,18.09107918,16.5953001
5/21/2018,0.865147433,3.81900913,17.84924413
5/25/2018,8.165184853,20.05584493,15.66382278
5/29/2018,3.070026942,9.270079329,17.84253854
6/2/2018,3.089417752,10.44877264,17.73321359
6/6/2018,6.222810956,14.49305493,17.42349948
6/10/2018,0.398518186,1.76160006,17.4766053
6/14/2018,2.187771292,8.072444245,18.33474031
6/18/2018,7.473454573,17.30458015,17.39200718
6/22/2018,1.623634186,5.020580751,17.38871426
6/26/2018,3.363538392,10.0797186,17.47145637
6/30/2018,1.517894028,6.46225116,17.44385571
7/4/2018,6.512610388,16.23726239,17.28950756
7/8/2018,6.323005538,14.74922916,17.37578207
7/12/2018,6.586109864,15.5144664,17.06552911
7/16/2018,7.062303547,17.56294716,16.60440054
7/20/2018,2.831963778,8.921942823,17.44589133
7/24/2018,0.285698249,1.345270169,17.45942224
8/1/2018,1.590959437,6.325834456,17.40362221
8/5/2018,3.755747643,11.51622512,17.36626254
8/9/2018,7.097275857,16.84349648,17.49217183
8/13/2018,7.499580901,16.99342164,16.85376441
8/17/2018,2.439327945,8.858569076,17.29956593
8/21/2018,4.683438108,12.30835953,17.42325999
8/25/2018,8.573125281,19.23248017,16.85388415
8/29/2018,3.994192486,11.69699895,17.0488849
9/2/2018,3.253749439,9.375086065,17.13384224
9/6/2018,8.040607693,20.06784912,16.53375243
9/10/2018,1.637584194,6.945629397,17.41541685
9/14/2018,9.114286783,21.89905703,16.5173477
9/18/2018,9.542388864,21.27135908,16.08603502
9/22/2018,11.31541685,25.10942973,15.75680287
9/26/2018,8.061098638,19.27585691,16.80239485
9/30/2018,13.39294267,28.90101033,15.1445592
10/4/2018,14.19531507,28.8019084,15.15922766
10/8/2018,11.23119294,25.82760814,14.92596917
10/12/2018,10.82047598,26.25543332,15.36458614
10/16/2018,13.50184104,29.98099087,15.98443347
10/20/2018,14.57936686,30.98547373,14.84137105
10/24/2018,13.81515492,30.33928304,15.61335129
10/28/2018,4.967474929,13.22779524,16.55452777
11/1/2018,9.154415507,24.73867684,15.78027241
11/5/2018,12.90832959,29.54290525,15.56281994
11/9/2018,12.71383026,30.05893579,15.86397246
11/13/2018,12.73167191,29.2333932,16.06460111
11/17/2018,10.48769645,27.39431223,17.2714863
11/21/2018,12.28022003,28.37298309,15.6783715
11/25/2018,12.67392606,29.11820087,15.37171082
11/29/2018,11.62951654,27.38027241,16.24936387
